{"1":{"s":1,"sa":1,"e":2,"ea":141},"2":{"s":2,"sa":142,"e":2,"ea":252},"3":{"s":2,"sa":253,"e":3,"ea":92},"4":{"s":3,"sa":93,"e":4,"ea":23},"5":{"s":4,"sa":24,"e":4,"ea":147},"6":{"s":4,"sa":148,"e":5,"ea":81},"7":{"s":5,"sa":82,"e":6,"ea":110},"8":{"s":6,"sa":111,"e":7,"ea":87},"9":{"s":7,"sa":88,"e":8,"ea":40},"10":{"s":8,"sa":41,"e":9,"ea":92},"11":{"s":9,"sa":93,"e":11,"ea":5},"12":{"s":11,"sa":6,"e":12,"ea":52},"13":{"s":12,"sa":53,"e":14,"ea":52},"14":{"s":15,"sa":1,"e":16,"ea":128},"15":{"s":17,"sa":1,"e":18,"ea":74},"16":{"s":18,"sa":75,"e":20,"ea":135},"17":{"s":21,"sa":1,"e":22,"ea":78},"18":{"s":23,"sa":1,"e":25,"ea":20},"19":{"s":25,"sa":21,"e":27,"ea":55},"20":{"s":27,"sa":56,"e":29,"ea":45},"21":{"s":29,"sa":46,"e":33,"ea":30},"22":{"s":33,"sa":31,"e":36,"ea":27},"23":{"s":36,"sa":28,"e":39,"ea":31},"24":{"s":39,"sa":32,"e":41,"ea":46},"25":{"s":41,"sa":47,"e":45,"ea":37},"26":{"s":46,"sa":1,"e":51,"ea":30},"27":{"s":51,"sa":31,"e":57,"ea":29},"28":{"s":58,"sa":1,"e":66,"ea":12},"29":{"s":67,"sa":1,"e":77,"ea":50},"30":{"s":78,"sa":1,"e":114,"ea":6}}