{"1":{"s":1,"sa":1,"e":1,"ea":7},"2":{"s":2,"sa":1,"e":2,"ea":5},"3":{"s":2,"sa":6,"e":2,"ea":16},"4":{"s":2,"sa":17,"e":2,"ea":24},"5":{"s":2,"sa":25,"e":2,"ea":29},"6":{"s":2,"sa":30,"e":2,"ea":37},"7":{"s":2,"sa":38,"e":2,"ea":48},"8":{"s":2,"sa":49,"e":2,"ea":57},"9":{"s":2,"sa":58,"e":2,"ea":61},"10":{"s":2,"sa":62,"e":2,"ea":69},"11":{"s":2,"sa":70,"e":2,"ea":76},"12":{"s":2,"sa":77,"e":2,"ea":83},"13":{"s":2,"sa":84,"e":2,"ea":88},"14":{"s":2,"sa":89,"e":2,"ea":93},"15":{"s":2,"sa":94,"e":2,"ea":101},"16":{"s":2,"sa":102,"e":2,"ea":105},"17":{"s":2,"sa":106,"e":2,"ea":112},"18":{"s":2,"sa":113,"e":2,"ea":119},"19":{"s":2,"sa":120,"e":2,"ea":126},"20":{"s":2,"sa":127,"e":2,"ea":134},"21":{"s":2,"sa":135,"e":2,"ea":141},"22":{"s":2,"sa":142,"e":2,"ea":145},"23":{"s":2,"sa":146,"e":2,"ea":153},"24":{"s":2,"sa":154,"e":2,"ea":163},"25":{"s":2,"sa":164,"e":2,"ea":169},"26":{"s":2,"sa":170,"e":2,"ea":176},"27":{"s":2,"sa":177,"e":2,"ea":181},"28":{"s":2,"sa":182,"e":2,"ea":186},"29":{"s":2,"sa":187,"e":2,"ea":190},"30":{"s":2,"sa":191,"e":2,"ea":196},"31":{"s":2,"sa":197,"e":2,"ea":202},"32":{"s":2,"sa":203,"e":2,"ea":210},"33":{"s":2,"sa":211,"e":2,"ea":215},"34":{"s":2,"sa":216,"e":2,"ea":219},"35":{"s":2,"sa":220,"e":2,"ea":224},"36":{"s":2,"sa":225,"e":2,"ea":230},"37":{"s":2,"sa":231,"e":2,"ea":233},"38":{"s":2,"sa":234,"e":2,"ea":237},"39":{"s":2,"sa":238,"e":2,"ea":245},"40":{"s":2,"sa":246,"e":2,"ea":248},"41":{"s":2,"sa":249,"e":2,"ea":252},"42":{"s":2,"sa":253,"e":2,"ea":256},"43":{"s":2,"sa":257,"e":2,"ea":259},"44":{"s":2,"sa":260,"e":2,"ea":264},"45":{"s":2,"sa":265,"e":2,"ea":269},"46":{"s":2,"sa":270,"e":2,"ea":274},"47":{"s":2,"sa":275,"e":2,"ea":281},"48":{"s":2,"sa":282,"e":2,"ea":282},"49":{"s":2,"sa":283,"e":2,"ea":286},"50":{"s":3,"sa":1,"e":3,"ea":9},"51":{"s":3,"sa":10,"e":3,"ea":15},"52":{"s":3,"sa":16,"e":3,"ea":22},"53":{"s":3,"sa":23,"e":3,"ea":29},"54":{"s":3,"sa":30,"e":3,"ea":37},"55":{"s":3,"sa":38,"e":3,"ea":45},"56":{"s":3,"sa":46,"e":3,"ea":52},"57":{"s":3,"sa":53,"e":3,"ea":61},"58":{"s":3,"sa":62,"e":3,"ea":70},"59":{"s":3,"sa":71,"e":3,"ea":77},"60":{"s":3,"sa":78,"e":3,"ea":83},"61":{"s":3,"sa":84,"e":3,"ea":91},"62":{"s":3,"sa":92,"e":3,"ea":100},"63":{"s":3,"sa":101,"e":3,"ea":108},"64":{"s":3,"sa":109,"e":3,"ea":115},"65":{"s":3,"sa":116,"e":3,"ea":121},"66":{"s":3,"sa":122,"e":3,"ea":132},"67":{"s":3,"sa":133,"e":3,"ea":140},"68":{"s":3,"sa":141,"e":3,"ea":148},"69":{"s":3,"sa":149,"e":3,"ea":153},"70":{"s":3,"sa":154,"e":3,"ea":157},"71":{"s":3,"sa":158,"e":3,"ea":165},"72":{"s":3,"sa":166,"e":3,"ea":173},"73":{"s":3,"sa":174,"e":3,"ea":180},"74":{"s":3,"sa":181,"e":3,"ea":186},"75":{"s":3,"sa":187,"e":3,"ea":194},"76":{"s":3,"sa":195,"e":3,"ea":200},"77":{"s":4,"sa":1,"e":4,"ea":6},"78":{"s":4,"sa":7,"e":4,"ea":11},"79":{"s":4,"sa":12,"e":4,"ea":14},"80":{"s":4,"sa":15,"e":4,"ea":19},"81":{"s":4,"sa":20,"e":4,"ea":23},"82":{"s":4,"sa":24,"e":4,"ea":26},"83":{"s":4,"sa":27,"e":4,"ea":33},"84":{"s":4,"sa":34,"e":4,"ea":37},"85":{"s":4,"sa":38,"e":4,"ea":44},"86":{"s":4,"sa":45,"e":4,"ea":51},"87":{"s":4,"sa":52,"e":4,"ea":59},"88":{"s":4,"sa":60,"e":4,"ea":65},"89":{"s":4,"sa":66,"e":4,"ea":74},"90":{"s":4,"sa":75,"e":4,"ea":79},"91":{"s":4,"sa":80,"e":4,"ea":86},"92":{"s":4,"sa":87,"e":4,"ea":91},"93":{"s":4,"sa":92,"e":4,"ea":94},"94":{"s":4,"sa":95,"e":4,"ea":101},"95":{"s":4,"sa":102,"e":4,"ea":105},"96":{"s":4,"sa":106,"e":4,"ea":113},"97":{"s":4,"sa":114,"e":4,"ea":121},"98":{"s":4,"sa":122,"e":4,"ea":127},"99":{"s":4,"sa":128,"e":4,"ea":134},"100":{"s":4,"sa":135,"e":4,"ea":140},"101":{"s":4,"sa":141,"e":4,"ea":147},"102":{"s":4,"sa":148,"e":4,"ea":154},"103":{"s":4,"sa":155,"e":4,"ea":162},"104":{"s":4,"sa":163,"e":4,"ea":170},"105":{"s":4,"sa":171,"e":4,"ea":175},"106":{"s":4,"sa":176,"e":5,"ea":2},"107":{"s":5,"sa":3,"e":5,"ea":5},"108":{"s":5,"sa":6,"e":5,"ea":9},"109":{"s":5,"sa":10,"e":5,"ea":13},"110":{"s":5,"sa":14,"e":5,"ea":17},"111":{"s":5,"sa":18,"e":5,"ea":23},"112":{"s":5,"sa":24,"e":5,"ea":31},"113":{"s":5,"sa":32,"e":5,"ea":36},"114":{"s":5,"sa":37,"e":5,"ea":41},"115":{"s":5,"sa":42,"e":5,"ea":45},"116":{"s":5,"sa":46,"e":5,"ea":50},"117":{"s":5,"sa":51,"e":5,"ea":57},"118":{"s":5,"sa":58,"e":5,"ea":64},"119":{"s":5,"sa":65,"e":5,"ea":70},"120":{"s":5,"sa":71,"e":5,"ea":76},"121":{"s":5,"sa":77,"e":5,"ea":82},"122":{"s":5,"sa":83,"e":5,"ea":89},"123":{"s":5,"sa":90,"e":5,"ea":95},"124":{"s":5,"sa":96,"e":5,"ea":103},"125":{"s":5,"sa":104,"e":5,"ea":108},"126":{"s":5,"sa":109,"e":5,"ea":113},"127":{"s":5,"sa":114,"e":5,"ea":120},"128":{"s":6,"sa":1,"e":6,"ea":8},"129":{"s":6,"sa":9,"e":6,"ea":18},"130":{"s":6,"sa":19,"e":6,"ea":27},"131":{"s":6,"sa":28,"e":6,"ea":35},"132":{"s":6,"sa":36,"e":6,"ea":44},"133":{"s":6,"sa":45,"e":6,"ea":52},"134":{"s":6,"sa":53,"e":6,"ea":59},"135":{"s":6,"sa":60,"e":6,"ea":68},"136":{"s":6,"sa":69,"e":6,"ea":73},"137":{"s":6,"sa":74,"e":6,"ea":81},"138":{"s":6,"sa":82,"e":6,"ea":90},"139":{"s":6,"sa":91,"e":6,"ea":94},"140":{"s":6,"sa":95,"e":6,"ea":101},"141":{"s":6,"sa":102,"e":6,"ea":110},"142":{"s":6,"sa":111,"e":6,"ea":118},"143":{"s":6,"sa":119,"e":6,"ea":124},"144":{"s":6,"sa":125,"e":6,"ea":131},"145":{"s":6,"sa":132,"e":6,"ea":137},"146":{"s":6,"sa":138,"e":6,"ea":142},"147":{"s":6,"sa":143,"e":6,"ea":146},"148":{"s":6,"sa":147,"e":6,"ea":151},"149":{"s":6,"sa":152,"e":6,"ea":157},"150":{"s":6,"sa":158,"e":6,"ea":165},"151":{"s":7,"sa":1,"e":7,"ea":11},"152":{"s":7,"sa":12,"e":7,"ea":22},"153":{"s":7,"sa":23,"e":7,"ea":30},"154":{"s":7,"sa":31,"e":7,"ea":37},"155":{"s":7,"sa":38,"e":7,"ea":43},"156":{"s":7,"sa":44,"e":7,"ea":51},"157":{"s":7,"sa":52,"e":7,"ea":57},"158":{"s":7,"sa":58,"e":7,"ea":67},"159":{"s":7,"sa":68,"e":7,"ea":73},"160":{"s":7,"sa":74,"e":7,"ea":81},"161":{"s":7,"sa":82,"e":7,"ea":87},"162":{"s":7,"sa":88,"e":7,"ea":95},"163":{"s":7,"sa":96,"e":7,"ea":104},"164":{"s":7,"sa":105,"e":7,"ea":120},"165":{"s":7,"sa":121,"e":7,"ea":130},"166":{"s":7,"sa":131,"e":7,"ea":137},"167":{"s":7,"sa":138,"e":7,"ea":143},"168":{"s":7,"sa":144,"e":7,"ea":149},"169":{"s":7,"sa":150,"e":7,"ea":155},"170":{"s":7,"sa":156,"e":7,"ea":159},"171":{"s":7,"sa":160,"e":7,"ea":163},"172":{"s":7,"sa":164,"e":7,"ea":170},"173":{"s":7,"sa":171,"e":7,"ea":178},"174":{"s":7,"sa":179,"e":7,"ea":187},"175":{"s":7,"sa":188,"e":7,"ea":195},"176":{"s":7,"sa":196,"e":7,"ea":206},"177":{"s":8,"sa":1,"e":8,"ea":8},"178":{"s":8,"sa":9,"e":8,"ea":16},"179":{"s":8,"sa":17,"e":8,"ea":25},"180":{"s":8,"sa":26,"e":8,"ea":33},"181":{"s":8,"sa":34,"e":8,"ea":40},"182":{"s":8,"sa":41,"e":8,"ea":45},"183":{"s":8,"sa":46,"e":8,"ea":52},"184":{"s":8,"sa":53,"e":8,"ea":61},"185":{"s":8,"sa":62,"e":8,"ea":69},"186":{"s":8,"sa":70,"e":8,"ea":75},"187":{"s":9,"sa":1,"e":9,"ea":6},"188":{"s":9,"sa":7,"e":9,"ea":13},"189":{"s":9,"sa":14,"e":9,"ea":20},"190":{"s":9,"sa":21,"e":9,"ea":26},"191":{"s":9,"sa":27,"e":9,"ea":31},"192":{"s":9,"sa":32,"e":9,"ea":36},"193":{"s":9,"sa":37,"e":9,"ea":40},"194":{"s":9,"sa":41,"e":9,"ea":47},"195":{"s":9,"sa":48,"e":9,"ea":54},"196":{"s":9,"sa":55,"e":9,"ea":61},"197":{"s":9,"sa":62,"e":9,"ea":68},"198":{"s":9,"sa":69,"e":9,"ea":72},"199":{"s":9,"sa":73,"e":9,"ea":79},"200":{"s":9,"sa":80,"e":9,"ea":86},"201":{"s":9,"sa":87,"e":9,"ea":93},"202":{"s":9,"sa":94,"e":9,"ea":99},"203":{"s":9,"sa":100,"e":9,"ea":106},"204":{"s":9,"sa":107,"e":9,"ea":111},"205":{"s":9,"sa":112,"e":9,"ea":117},"206":{"s":9,"sa":118,"e":9,"ea":122},"207":{"s":9,"sa":123,"e":9,"ea":129},"208":{"s":10,"sa":1,"e":10,"ea":6},"209":{"s":10,"sa":7,"e":10,"ea":14},"210":{"s":10,"sa":15,"e":10,"ea":20},"211":{"s":10,"sa":21,"e":10,"ea":25},"212":{"s":10,"sa":26,"e":10,"ea":33},"213":{"s":10,"sa":34,"e":10,"ea":42},"214":{"s":10,"sa":43,"e":10,"ea":53},"215":{"s":10,"sa":54,"e":10,"ea":61},"216":{"s":10,"sa":62,"e":10,"ea":70},"217":{"s":10,"sa":71,"e":10,"ea":78},"218":{"s":10,"sa":79,"e":10,"ea":88},"219":{"s":10,"sa":89,"e":10,"ea":97},"220":{"s":10,"sa":98,"e":10,"ea":106},"221":{"s":10,"sa":107,"e":11,"ea":5},"222":{"s":11,"sa":6,"e":11,"ea":12},"223":{"s":11,"sa":13,"e":11,"ea":19},"224":{"s":11,"sa":20,"e":11,"ea":28},"225":{"s":11,"sa":29,"e":11,"ea":37},"226":{"s":11,"sa":38,"e":11,"ea":45},"227":{"s":11,"sa":46,"e":11,"ea":53},"228":{"s":11,"sa":54,"e":11,"ea":62},"229":{"s":11,"sa":63,"e":11,"ea":71},"230":{"s":11,"sa":72,"e":11,"ea":81},"231":{"s":11,"sa":82,"e":11,"ea":88},"232":{"s":11,"sa":89,"e":11,"ea":97},"233":{"s":11,"sa":98,"e":11,"ea":108},"234":{"s":11,"sa":109,"e":11,"ea":117},"235":{"s":11,"sa":118,"e":12,"ea":4},"236":{"s":12,"sa":5,"e":12,"ea":14},"237":{"s":12,"sa":15,"e":12,"ea":22},"238":{"s":12,"sa":23,"e":12,"ea":30},"239":{"s":12,"sa":31,"e":12,"ea":37},"240":{"s":12,"sa":38,"e":12,"ea":43},"241":{"s":12,"sa":44,"e":12,"ea":52},"242":{"s":12,"sa":53,"e":12,"ea":63},"243":{"s":12,"sa":64,"e":12,"ea":69},"244":{"s":12,"sa":70,"e":12,"ea":78},"245":{"s":12,"sa":79,"e":12,"ea":86},"246":{"s":12,"sa":87,"e":12,"ea":95},"247":{"s":12,"sa":96,"e":12,"ea":103},"248":{"s":12,"sa":104,"e":12,"ea":111},"249":{"s":13,"sa":1,"e":13,"ea":5},"250":{"s":13,"sa":6,"e":13,"ea":13},"251":{"s":13,"sa":14,"e":13,"ea":18},"252":{"s":13,"sa":19,"e":13,"ea":28},"253":{"s":13,"sa":29,"e":13,"ea":34},"254":{"s":13,"sa":35,"e":13,"ea":42},"255":{"s":13,"sa":43,"e":14,"ea":5},"256":{"s":14,"sa":6,"e":14,"ea":10},"257":{"s":14,"sa":11,"e":14,"ea":18},"258":{"s":14,"sa":19,"e":14,"ea":24},"259":{"s":14,"sa":25,"e":14,"ea":33},"260":{"s":14,"sa":34,"e":14,"ea":42},"261":{"s":14,"sa":43,"e":14,"ea":52},"262":{"s":15,"sa":1,"e":15,"ea":15},"263":{"s":15,"sa":16,"e":15,"ea":31},"264":{"s":15,"sa":32,"e":15,"ea":51},"265":{"s":15,"sa":52,"e":15,"ea":70},"266":{"s":15,"sa":71,"e":15,"ea":90},"267":{"s":15,"sa":91,"e":16,"ea":6},"268":{"s":16,"sa":7,"e":16,"ea":14},"269":{"s":16,"sa":15,"e":16,"ea":26},"270":{"s":16,"sa":27,"e":16,"ea":34},"271":{"s":16,"sa":35,"e":16,"ea":42},"272":{"s":16,"sa":43,"e":16,"ea":54},"273":{"s":16,"sa":55,"e":16,"ea":64},"274":{"s":16,"sa":65,"e":16,"ea":72},"275":{"s":16,"sa":73,"e":16,"ea":79},"276":{"s":16,"sa":80,"e":16,"ea":87},"277":{"s":16,"sa":88,"e":16,"ea":93},"278":{"s":16,"sa":94,"e":16,"ea":102},"279":{"s":16,"sa":103,"e":16,"ea":110},"280":{"s":16,"sa":111,"e":16,"ea":118},"281":{"s":16,"sa":119,"e":16,"ea":128},"282":{"s":17,"sa":1,"e":17,"ea":7},"283":{"s":17,"sa":8,"e":17,"ea":17},"284":{"s":17,"sa":18,"e":17,"ea":27},"285":{"s":17,"sa":28,"e":17,"ea":38},"286":{"s":17,"sa":39,"e":17,"ea":49},"287":{"s":17,"sa":50,"e":17,"ea":58},"288":{"s":17,"sa":59,"e":17,"ea":66},"289":{"s":17,"sa":67,"e":17,"ea":75},"290":{"s":17,"sa":76,"e":17,"ea":86},"291":{"s":17,"sa":87,"e":17,"ea":96},"292":{"s":17,"sa":97,"e":17,"ea":104},"293":{"s":17,"sa":105,"e":18,"ea":4},"294":{"s":18,"sa":5,"e":18,"ea":15},"295":{"s":18,"sa":16,"e":18,"ea":20},"296":{"s":18,"sa":21,"e":18,"ea":27},"297":{"s":18,"sa":28,"e":18,"ea":34},"298":{"s":18,"sa":35,"e":18,"ea":45},"299":{"s":18,"sa":46,"e":18,"ea":53},"300":{"s":18,"sa":54,"e":18,"ea":61},"301":{"s":18,"sa":62,"e":18,"ea":74},"302":{"s":18,"sa":75,"e":18,"ea":83},"303":{"s":18,"sa":84,"e":18,"ea":97},"304":{"s":18,"sa":98,"e":18,"ea":110},"305":{"s":19,"sa":1,"e":19,"ea":11},"306":{"s":19,"sa":12,"e":19,"ea":25},"307":{"s":19,"sa":26,"e":19,"ea":38},"308":{"s":19,"sa":39,"e":19,"ea":51},"309":{"s":19,"sa":52,"e":19,"ea":64},"310":{"s":19,"sa":65,"e":19,"ea":76},"311":{"s":19,"sa":77,"e":19,"ea":95},"312":{"s":19,"sa":96,"e":20,"ea":12},"313":{"s":20,"sa":13,"e":20,"ea":37},"314":{"s":20,"sa":38,"e":20,"ea":51},"315":{"s":20,"sa":52,"e":20,"ea":64},"316":{"s":20,"sa":65,"e":20,"ea":76},"317":{"s":20,"sa":77,"e":20,"ea":87},"318":{"s":20,"sa":88,"e":20,"ea":98},"319":{"s":20,"sa":99,"e":20,"ea":113},"320":{"s":20,"sa":114,"e":20,"ea":125},"321":{"s":20,"sa":126,"e":20,"ea":135},"322":{"s":21,"sa":1,"e":21,"ea":10},"323":{"s":21,"sa":11,"e":21,"ea":24},"324":{"s":21,"sa":25,"e":21,"ea":35},"325":{"s":21,"sa":36,"e":21,"ea":44},"326":{"s":21,"sa":45,"e":21,"ea":57},"327":{"s":21,"sa":58,"e":21,"ea":72},"328":{"s":21,"sa":73,"e":21,"ea":81},"329":{"s":21,"sa":82,"e":21,"ea":90},"330":{"s":21,"sa":91,"e":21,"ea":101},"331":{"s":21,"sa":102,"e":21,"ea":112},"332":{"s":22,"sa":1,"e":22,"ea":5},"333":{"s":22,"sa":6,"e":22,"ea":15},"334":{"s":22,"sa":16,"e":22,"ea":23},"335":{"s":22,"sa":24,"e":22,"ea":30},"336":{"s":22,"sa":31,"e":22,"ea":38},"337":{"s":22,"sa":39,"e":22,"ea":46},"338":{"s":22,"sa":47,"e":22,"ea":55},"339":{"s":22,"sa":56,"e":22,"ea":64},"340":{"s":22,"sa":65,"e":22,"ea":72},"341":{"s":22,"sa":73,"e":22,"ea":78},"342":{"s":23,"sa":1,"e":23,"ea":17},"343":{"s":23,"sa":18,"e":23,"ea":27},"344":{"s":23,"sa":28,"e":23,"ea":42},"345":{"s":23,"sa":43,"e":23,"ea":59},"346":{"s":23,"sa":60,"e":23,"ea":74},"347":{"s":23,"sa":75,"e":23,"ea":89},"348":{"s":23,"sa":90,"e":23,"ea":104},"349":{"s":23,"sa":105,"e":23,"ea":118},"350":{"s":24,"sa":1,"e":24,"ea":10},"351":{"s":24,"sa":11,"e":24,"ea":20},"352":{"s":24,"sa":21,"e":24,"ea":27},"353":{"s":24,"sa":28,"e":24,"ea":31},"354":{"s":24,"sa":32,"e":24,"ea":36},"355":{"s":24,"sa":37,"e":24,"ea":43},"356":{"s":24,"sa":44,"e":24,"ea":53},"357":{"s":24,"sa":54,"e":24,"ea":58},"358":{"s":24,"sa":59,"e":24,"ea":61},"359":{"s":24,"sa":62,"e":25,"ea":2},"360":{"s":25,"sa":3,"e":25,"ea":11},"361":{"s":25,"sa":12,"e":25,"ea":20},"362":{"s":25,"sa":21,"e":25,"ea":32},"363":{"s":25,"sa":33,"e":25,"ea":43},"364":{"s":25,"sa":44,"e":25,"ea":55},"365":{"s":25,"sa":56,"e":25,"ea":67},"366":{"s":25,"sa":68,"e":25,"ea":77},"367":{"s":26,"sa":1,"e":26,"ea":19},"368":{"s":26,"sa":20,"e":26,"ea":39},"369":{"s":26,"sa":40,"e":26,"ea":60},"370":{"s":26,"sa":61,"e":26,"ea":83},"371":{"s":26,"sa":84,"e":26,"ea":111},"372":{"s":26,"sa":112,"e":26,"ea":136},"373":{"s":26,"sa":137,"e":26,"ea":159},"374":{"s":26,"sa":160,"e":26,"ea":183},"375":{"s":26,"sa":184,"e":26,"ea":206},"376":{"s":26,"sa":207,"e":26,"ea":227},"377":{"s":27,"sa":1,"e":27,"ea":13},"378":{"s":27,"sa":14,"e":27,"ea":22},"379":{"s":27,"sa":23,"e":27,"ea":35},"380":{"s":27,"sa":36,"e":27,"ea":44},"381":{"s":27,"sa":45,"e":27,"ea":55},"382":{"s":27,"sa":56,"e":27,"ea":63},"383":{"s":27,"sa":64,"e":27,"ea":76},"384":{"s":27,"sa":77,"e":27,"ea":88},"385":{"s":27,"sa":89,"e":28,"ea":5},"386":{"s":28,"sa":6,"e":28,"ea":13},"387":{"s":28,"sa":14,"e":28,"ea":21},"388":{"s":28,"sa":22,"e":28,"ea":28},"389":{"s":28,"sa":29,"e":28,"ea":35},"390":{"s":28,"sa":36,"e":28,"ea":43},"391":{"s":28,"sa":44,"e":28,"ea":50},"392":{"s":28,"sa":51,"e":28,"ea":59},"393":{"s":28,"sa":60,"e":28,"ea":70},"394":{"s":28,"sa":71,"e":28,"ea":77},"395":{"s":28,"sa":78,"e":28,"ea":84},"396":{"s":28,"sa":85,"e":29,"ea":6},"397":{"s":29,"sa":7,"e":29,"ea":14},"398":{"s":29,"sa":15,"e":29,"ea":23},"399":{"s":29,"sa":24,"e":29,"ea":30},"400":{"s":29,"sa":31,"e":29,"ea":38},"401":{"s":29,"sa":39,"e":29,"ea":45},"402":{"s":29,"sa":46,"e":29,"ea":52},"403":{"s":29,"sa":53,"e":29,"ea":63},"404":{"s":29,"sa":64,"e":30,"ea":5},"405":{"s":30,"sa":6,"e":30,"ea":15},"406":{"s":30,"sa":16,"e":30,"ea":24},"407":{"s":30,"sa":25,"e":30,"ea":32},"408":{"s":30,"sa":33,"e":30,"ea":41},"409":{"s":30,"sa":42,"e":30,"ea":50},"410":{"s":30,"sa":51,"e":30,"ea":60},"411":{"s":31,"sa":1,"e":31,"ea":11},"412":{"s":31,"sa":12,"e":31,"ea":19},"413":{"s":31,"sa":20,"e":31,"ea":28},"414":{"s":31,"sa":29,"e":31,"ea":34},"415":{"s":32,"sa":1,"e":32,"ea":11},"416":{"s":32,"sa":12,"e":32,"ea":20},"417":{"s":32,"sa":21,"e":32,"ea":30},"418":{"s":33,"sa":1,"e":33,"ea":6},"419":{"s":33,"sa":7,"e":33,"ea":15},"420":{"s":33,"sa":16,"e":33,"ea":22},"421":{"s":33,"sa":23,"e":33,"ea":30},"422":{"s":33,"sa":31,"e":33,"ea":35},"423":{"s":33,"sa":36,"e":33,"ea":43},"424":{"s":33,"sa":44,"e":33,"ea":50},"425":{"s":33,"sa":51,"e":33,"ea":54},"426":{"s":33,"sa":55,"e":33,"ea":62},"427":{"s":33,"sa":63,"e":33,"ea":73},"428":{"s":34,"sa":1,"e":34,"ea":7},"429":{"s":34,"sa":8,"e":34,"ea":14},"430":{"s":34,"sa":15,"e":34,"ea":22},"431":{"s":34,"sa":23,"e":34,"ea":31},"432":{"s":34,"sa":32,"e":34,"ea":39},"433":{"s":34,"sa":40,"e":34,"ea":48},"434":{"s":34,"sa":49,"e":35,"ea":3},"435":{"s":35,"sa":4,"e":35,"ea":11},"436":{"s":35,"sa":12,"e":35,"ea":18},"437":{"s":35,"sa":19,"e":35,"ea":30},"438":{"s":35,"sa":31,"e":35,"ea":38},"439":{"s":35,"sa":39,"e":35,"ea":44},"440":{"s":35,"sa":45,"e":36,"ea":12},"441":{"s":36,"sa":13,"e":36,"ea":27},"442":{"s":36,"sa":28,"e":36,"ea":40},"443":{"s":36,"sa":41,"e":36,"ea":54},"444":{"s":36,"sa":55,"e":36,"ea":70},"445":{"s":36,"sa":71,"e":36,"ea":83},"446":{"s":37,"sa":1,"e":37,"ea":24},"447":{"s":37,"sa":25,"e":37,"ea":51},"448":{"s":37,"sa":52,"e":37,"ea":76},"449":{"s":37,"sa":77,"e":37,"ea":102},"450":{"s":37,"sa":103,"e":37,"ea":126},"451":{"s":37,"sa":127,"e":37,"ea":153},"452":{"s":37,"sa":154,"e":37,"ea":182},"453":{"s":38,"sa":1,"e":38,"ea":16},"454":{"s":38,"sa":17,"e":38,"ea":26},"455":{"s":38,"sa":27,"e":38,"ea":42},"456":{"s":38,"sa":43,"e":38,"ea":61},"457":{"s":38,"sa":62,"e":38,"ea":83},"458":{"s":38,"sa":84,"e":39,"ea":5},"459":{"s":39,"sa":6,"e":39,"ea":10},"460":{"s":39,"sa":11,"e":39,"ea":21},"461":{"s":39,"sa":22,"e":39,"ea":31},"462":{"s":39,"sa":32,"e":39,"ea":40},"463":{"s":39,"sa":41,"e":39,"ea":47},"464":{"s":39,"sa":48,"e":39,"ea":56},"465":{"s":39,"sa":57,"e":39,"ea":67},"466":{"s":39,"sa":68,"e":39,"ea":74},"467":{"s":39,"sa":75,"e":40,"ea":7},"468":{"s":40,"sa":8,"e":40,"ea":16},"469":{"s":40,"sa":17,"e":40,"ea":25},"470":{"s":40,"sa":26,"e":40,"ea":33},"471":{"s":40,"sa":34,"e":40,"ea":40},"472":{"s":40,"sa":41,"e":40,"ea":49},"473":{"s":40,"sa":50,"e":40,"ea":58},"474":{"s":40,"sa":59,"e":40,"ea":66},"475":{"s":40,"sa":67,"e":40,"ea":77},"476":{"s":40,"sa":78,"e":40,"ea":85},"477":{"s":41,"sa":1,"e":41,"ea":11},"478":{"s":41,"sa":12,"e":41,"ea":20},"479":{"s":41,"sa":21,"e":41,"ea":29},"480":{"s":41,"sa":30,"e":41,"ea":38},"481":{"s":41,"sa":39,"e":41,"ea":46},"482":{"s":41,"sa":47,"e":41,"ea":54},"483":{"s":42,"sa":1,"e":42,"ea":10},"484":{"s":42,"sa":11,"e":42,"ea":15},"485":{"s":42,"sa":16,"e":42,"ea":22},"486":{"s":42,"sa":23,"e":42,"ea":31},"487":{"s":42,"sa":32,"e":42,"ea":44},"488":{"s":42,"sa":45,"e":42,"ea":51},"489":{"s":42,"sa":52,"e":43,"ea":10},"490":{"s":43,"sa":11,"e":43,"ea":22},"491":{"s":43,"sa":23,"e":43,"ea":33},"492":{"s":43,"sa":34,"e":43,"ea":47},"493":{"s":43,"sa":48,"e":43,"ea":60},"494":{"s":43,"sa":61,"e":43,"ea":73},"495":{"s":43,"sa":74,"e":43,"ea":89},"496":{"s":44,"sa":1,"e":44,"ea":18},"497":{"s":44,"sa":19,"e":44,"ea":39},"498":{"s":44,"sa":40,"e":44,"ea":59},"499":{"s":45,"sa":1,"e":45,"ea":13},"500":{"s":45,"sa":14,"e":45,"ea":22},"501":{"s":45,"sa":23,"e":45,"ea":32},"502":{"s":45,"sa":33,"e":46,"ea":5},"503":{"s":46,"sa":6,"e":46,"ea":14},"504":{"s":46,"sa":15,"e":46,"ea":20},"505":{"s":46,"sa":21,"e":46,"ea":28},"506":{"s":46,"sa":29,"e":46,"ea":35},"507":{"s":47,"sa":1,"e":47,"ea":11},"508":{"s":47,"sa":12,"e":47,"ea":19},"509":{"s":47,"sa":20,"e":47,"ea":29},"510":{"s":47,"sa":30,"e":47,"ea":38},"511":{"s":48,"sa":1,"e":48,"ea":9},"512":{"s":48,"sa":10,"e":48,"ea":15},"513":{"s":48,"sa":16,"e":48,"ea":23},"514":{"s":48,"sa":24,"e":48,"ea":28},"515":{"s":48,"sa":29,"e":49,"ea":4},"516":{"s":49,"sa":5,"e":49,"ea":11},"517":{"s":49,"sa":12,"e":49,"ea":18},"518":{"s":50,"sa":1,"e":50,"ea":15},"519":{"s":50,"sa":16,"e":50,"ea":35},"520":{"s":50,"sa":36,"e":51,"ea":6},"521":{"s":51,"sa":7,"e":51,"ea":30},"522":{"s":51,"sa":31,"e":51,"ea":51},"523":{"s":51,"sa":52,"e":52,"ea":14},"524":{"s":52,"sa":15,"e":52,"ea":31},"525":{"s":52,"sa":32,"e":52,"ea":49},"526":{"s":53,"sa":1,"e":53,"ea":26},"527":{"s":53,"sa":27,"e":53,"ea":44},"528":{"s":53,"sa":45,"e":54,"ea":6},"529":{"s":54,"sa":7,"e":54,"ea":27},"530":{"s":54,"sa":28,"e":54,"ea":49},"531":{"s":54,"sa":50,"e":55,"ea":16},"532":{"s":55,"sa":17,"e":55,"ea":40},"533":{"s":55,"sa":41,"e":55,"ea":67},"534":{"s":55,"sa":68,"e":56,"ea":16},"535":{"s":56,"sa":17,"e":56,"ea":50},"536":{"s":56,"sa":51,"e":56,"ea":76},"537":{"s":56,"sa":77,"e":57,"ea":3},"538":{"s":57,"sa":4,"e":57,"ea":11},"539":{"s":57,"sa":12,"e":57,"ea":18},"540":{"s":57,"sa":19,"e":57,"ea":24},"541":{"s":57,"sa":25,"e":57,"ea":29},"542":{"s":58,"sa":1,"e":58,"ea":6},"543":{"s":58,"sa":7,"e":58,"ea":11},"544":{"s":58,"sa":12,"e":58,"ea":21},"545":{"s":58,"sa":22,"e":59,"ea":3},"546":{"s":59,"sa":4,"e":59,"ea":9},"547":{"s":59,"sa":10,"e":59,"ea":16},"548":{"s":59,"sa":17,"e":59,"ea":24},"549":{"s":60,"sa":1,"e":60,"ea":5},"550":{"s":60,"sa":6,"e":60,"ea":11},"551":{"s":60,"sa":12,"e":61,"ea":5},"552":{"s":61,"sa":6,"e":61,"ea":14},"553":{"s":62,"sa":1,"e":62,"ea":8},"554":{"s":62,"sa":9,"e":63,"ea":4},"555":{"s":63,"sa":5,"e":63,"ea":11},"556":{"s":64,"sa":1,"e":64,"ea":9},"557":{"s":64,"sa":10,"e":64,"ea":18},"558":{"s":65,"sa":1,"e":65,"ea":5},"559":{"s":65,"sa":6,"e":65,"ea":12},"560":{"s":66,"sa":1,"e":66,"ea":7},"561":{"s":66,"sa":8,"e":66,"ea":12},"562":{"s":67,"sa":1,"e":67,"ea":12},"563":{"s":67,"sa":13,"e":67,"ea":26},"564":{"s":67,"sa":27,"e":68,"ea":15},"565":{"s":68,"sa":16,"e":68,"ea":42},"566":{"s":68,"sa":43,"e":69,"ea":8},"567":{"s":69,"sa":9,"e":69,"ea":34},"568":{"s":69,"sa":35,"e":70,"ea":10},"569":{"s":70,"sa":11,"e":70,"ea":39},"570":{"s":70,"sa":40,"e":71,"ea":10},"571":{"s":71,"sa":11,"e":71,"ea":28},"572":{"s":72,"sa":1,"e":72,"ea":13},"573":{"s":72,"sa":14,"e":72,"ea":28},"574":{"s":73,"sa":1,"e":73,"ea":19},"575":{"s":73,"sa":20,"e":74,"ea":17},"576":{"s":74,"sa":18,"e":74,"ea":47},"577":{"s":74,"sa":48,"e":75,"ea":19},"578":{"s":75,"sa":20,"e":76,"ea":5},"579":{"s":76,"sa":6,"e":76,"ea":25},"580":{"s":76,"sa":26,"e":77,"ea":19},"581":{"s":77,"sa":20,"e":77,"ea":50},"582":{"s":78,"sa":1,"e":78,"ea":30},"583":{"s":78,"sa":31,"e":79,"ea":15},"584":{"s":79,"sa":16,"e":79,"ea":46},"585":{"s":80,"sa":1,"e":80,"ea":42},"586":{"s":81,"sa":1,"e":81,"ea":29},"587":{"s":82,"sa":1,"e":83,"ea":6},"588":{"s":83,"sa":7,"e":83,"ea":34},"589":{"s":83,"sa":35,"e":84,"ea":25},"590":{"s":85,"sa":1,"e":85,"ea":22},"591":{"s":86,"sa":1,"e":87,"ea":15},"592":{"s":87,"sa":16,"e":88,"ea":26},"593":{"s":89,"sa":1,"e":89,"ea":23},"594":{"s":89,"sa":24,"e":90,"ea":20},"595":{"s":91,"sa":1,"e":92,"ea":14},"596":{"s":92,"sa":15,"e":94,"ea":8},"597":{"s":95,"sa":1,"e":96,"ea":19},"598":{"s":97,"sa":1,"e":98,"ea":7},"599":{"s":98,"sa":8,"e":100,"ea":9},"600":{"s":100,"sa":10,"e":102,"ea":8},"601":{"s":103,"sa":1,"e":105,"ea":5},"602":{"s":106,"sa":1,"e":108,"ea":3},"603":{"s":109,"sa":1,"e":111,"ea":5},"604":{"s":112,"sa":1,"e":114,"ea":6}}